driver_id,timestamp,status
D101,2026-09-25 07:00:00,Offline
D101,2026-09-25 08:00:00,Online
D101,2026-09-25 12:00:00,Offline
D101,2026-09-25 14:00:00,Online
D101,2026-09-25 20:00:00,Offline
D102,2026-09-25 07:30:00,Offline
D102,2026-09-25 08:00:00,Online
D102,2026-09-25 13:00:00,Offline
D102,2026-09-25 14:00:00,Online
D102,2026-09-25 21:00:00,Offline
D103,2026-09-25 08:00:00,Online
D103,2026-09-25 18:00:00,Offline
D104,2026-09-25 09:00:00,Online
D104,2026-09-25 18:00:00,Offline
D105,2026-09-25 09:00:00,Online
D105,2026-09-25 12:00:00,Offline
D106,2026-09-25 10:00:00,Online
D106,2026-09-25 19:00:00,Offline
D107,2026-09-25 11:00:00,Online
D107,2026-09-25 21:00:00,Offline