trip_id,driver_id,rider_id,city,pickup_zone,drop_zone,request_time,pickup_time,drop_time,distance_km,fare,status,cancellation_reason
T1001,D101,R501,Bangalore,Koramangala,Indiranagar,2026-09-25 08:00:00,2026-09-25 08:10:00,2026-09-25 08:40:00,8.5,250,Completed,
T1002,D102,R502,Bangalore,Indiranagar,Whitefield,2026-09-25 08:15:00,2026-09-25 08:25:00,2026-09-25 09:05:00,12.0,380,Completed,
T1003,D103,R503,Bangalore,Koramangala,HSR Layout,2026-09-25 09:00:00,2026-09-25 09:08:00,2026-09-25 09:35:00,7.2,220,Completed,
T1004,D101,R504,Bangalore,Whitefield,Indiranagar,2026-09-25 10:00:00,2026-09-25 10:10:00,2026-09-25 10:55:00,14.5,450,Completed,
T1005,D104,R505,Chennai,T Nagar,Adyar,2026-09-25 10:15:00,2026-09-25 10:25:00,2026-09-25 11:00:00,9.0,290,Completed,
T1006,D105,R506,Chennai,Adyar,Velachery,2026-09-25 11:00:00,,,6.5,180,Cancelled,Rider Cancelled
T1007,D106,R507,Hyderabad,Banjara Hills,Hitech City,2026-09-25 12:00:00,2026-09-25 12:10:00,2026-09-25 12:50:00,11.0,340,Completed,
T1008,D107,R508,Hyderabad,Hitech City,Banjara Hills,2026-09-25 13:00:00,,,5.5,170,Cancelled,Driver Cancelled
T1009,D102,R509,Bangalore,Whitefield,Marathahalli,2026-09-25 14:00:00,2026-09-25 14:12:00,2026-09-25 14:42:00,8.0,260,Completed,
T1010,D103,R510,Bangalore,HSR Layout,Koramangala,2026-09-25 15:00:00,2026-09-25 15:08:00,2026-09-25 15:38:00,7.5,230,Completed,
T1011,D104,R511,Chennai,Adyar,T Nagar,2026-09-25 16:00:00,2026-09-25 16:10:00,2026-09-25 16:45:00,8.2,275,Completed,
T1012,D106,R512,Hyderabad,Hitech City,Gachibowli,2026-09-25 17:00:00,2026-09-25 17:07:00,2026-09-25 17:37:00,7.8,240,Completed,
T1013,D101,R513,Bangalore,Indiranagar,Koramangala,2026-09-25 18:00:00,2026-09-25 18:08:00,2026-09-25 18:38:00,6.5,210,Completed,
T1014,D102,R514,Bangalore,Koramangala,Indiranagar,2026-09-25 19:00:00,2026-09-25 19:10:00,2026-09-25 19:50:00,8.8,280,Completed,
T1015,D107,R515,Hyderabad,Banjara Hills,Hitech City,2026-09-25 20:00:00,,,10.0,300,Cancelled,Driver Cancelled